{
  "cost_history": [
    -0.6354341677105543,
    -0.6958570718724866,
    -0.716778819766845,
    -0.7339106055298151,
    -0.7483528936523017,
    -0.7605747417190541,
    -0.7711445000387391,
    -0.7805550260986425,
    -0.7891486088090113,
    -0.7971184948972343,
    -0.8045425483795117,
    -0.8114244927477392,
    -0.8177333245093592,
    -0.8234360297456563,
    -0.8285191756613923,
    -0.8329970328300349,
    -0.8369083166923338,
    -0.840307129797806,
    -0.8432536299302504,
    -0.8458073183481671,
    -0.8480232847238812,
    -0.849950594067525,
    -0.8516319277439395,
    -0.8531038711502847,
    -0.8543974961289365,
    -0.855539045380701,
    -0.856550616617821,
    -0.8574507957097481,
    -0.8582552175055589,
    -0.8589770493649005
  ],
  "final_cost": -0.8596274009307285,
  "final_ground_state_energy": -11.438037969600588,
  "gauge_config": {
    "J_coupling": 1.0,
    "alpha_local_reward": 0.5,
    "defrag_zz": 0.0,
    "fd_epsilon": 0.01,
    "h_field": 0.2,
    "n_gauge_steps": 30,
    "n_sites": 8,
    "phase_step": 0.1,
    "random_seed": 117,
    "w_long_base": 1.0
  },
  "n_steps": 30,
  "timestamp": "2025-12-03T15:03:58.583907",
  "triangle_fluxes": []
}