{
  "edges": [
    [
      0,
      1
    ],
    [
      0,
      2
    ],
    [
      0,
      4
    ],
    [
      1,
      3
    ],
    [
      1,
      5
    ],
    [
      2,
      3
    ],
    [
      2,
      6
    ],
    [
      3,
      7
    ],
    [
      4,
      5
    ],
    [
      4,
      6
    ],
    [
      5,
      7
    ],
    [
      6,
      7
    ]
  ],
  "phases": [
    2.0051436808304315,
    -2.1996901497724766,
    1.053835528740013,
    -0.9379288013582503,
    -0.20477084110048205,
    -1.3360232803249124,
    1.28913735742925,
    -0.838612007203726,
    -1.5657237915454094,
    0.3262799160373282,
    2.4207469576152807,
    -1.1515137475717516
  ]
}