{
  "edges": [
    [
      0,
      1
    ],
    [
      0,
      2
    ],
    [
      0,
      4
    ],
    [
      1,
      3
    ],
    [
      1,
      5
    ],
    [
      2,
      3
    ],
    [
      2,
      6
    ],
    [
      3,
      7
    ],
    [
      4,
      5
    ],
    [
      4,
      6
    ],
    [
      5,
      7
    ],
    [
      6,
      7
    ]
  ],
  "phases": [
    2.0051210041859653,
    -2.1997479414588694,
    1.0539157713789287,
    -0.9378710096763712,
    -0.20485108373438843,
    -1.336000603504244,
    1.2890571146152654,
    -0.8385317643950385,
    -1.565701114900531,
    0.32633770772396264,
    2.4206891659334406,
    -1.151536424392157
  ]
}