{
  "edges": [
    [
      0,
      1
    ],
    [
      0,
      2
    ],
    [
      0,
      4
    ],
    [
      1,
      3
    ],
    [
      1,
      5
    ],
    [
      2,
      3
    ],
    [
      2,
      6
    ],
    [
      3,
      7
    ],
    [
      4,
      5
    ],
    [
      4,
      6
    ],
    [
      5,
      7
    ],
    [
      6,
      7
    ]
  ],
  "phases": [
    2.0050879850443417,
    -2.1998319399346107,
    1.054032461592346,
    -0.9377870112077531,
    -0.2049677739407163,
    -1.3359675841073668,
    1.2889404241479108,
    -0.8384150739347662,
    -1.565668095759254,
    0.3264217061996524,
    2.4206051674650197,
    -1.1515694437891923
  ]
}