{
  "exchange_config": {
    "J_coupling": 2.0,
    "bias_strength": 1.0,
    "defrag_zz": 2.0,
    "h_field": 0.2,
    "init_pin_strength": 4.0,
    "local_dim": 2,
    "n_sites": 8,
    "n_steps": 200,
    "path_A": [
      0,
      1,
      3,
      2
    ],
    "path_B": [
      4,
      5,
      7,
      6
    ],
    "total_time": 20.0
  },
  "gauge_source": "outputs\\precipitating_event\\20251203_213453_flux_event_J2_intpaths",
  "gauge_used": false,
  "overlap": {
    "imag": 0.0021186568263619754,
    "magnitude": 0.9701837854230986,
    "phase_degrees": 0.12512082008889588,
    "phase_radians": 0.0021837702733466975,
    "real": 0.9701814720922809
  },
  "timestamp": "2025-12-03T23:06:15.779970"
}