{
  "boson_clusters": [
    0,
    1,
    2
  ],
  "cluster_run": "20251201T191609Z_quark_gluon_probe",
  "eps": 0.0,
  "fermion_clusters": [
    3,
    5
  ],
  "mean_frac_BB": 0.2960077203771738,
  "mean_frac_FF": 0.17570837769364242,
  "mean_mean_fermion_distance": 1.00106475059342,
  "pattern_run": "20251201T190712Z_proton_electron_photon_scan",
  "run_id": "20251201T193912Z_fermion_topology"
}