{
  "diagnostics": {
    "excitation_map": {
      "05d58058": 1.253996708652624,
      "0e5388f5": 0.1652038853589315,
      "1a8fa20e": 1.0737974899327098,
      "22c74685": 0.30386911825541985,
      "2a73cb56": 1.4093927006876596,
      "2bb10e42": 0.6249813477394082,
      "3cac71ba": 0.12497626274697993,
      "484290f8": 0.9084590679868283,
      "4e99963e": 0.8017416157962447,
      "4f32c56c": 0.8358957138242646,
      "50da854d": 0.3048803280793877,
      "5dbaca9a": 0.7418514881953349,
      "6c7dfd5c": 0.3988503223632849,
      "79bafd9f": 1.6718242324814108,
      "7cead960": 0.9163768794400808,
      "865c8979": 0.43962388061241475,
      "8ffbbdc7": 1.5936205448241836,
      "980656a1": 0.39097020224845513,
      "9bd4af4f": 1.0462821304045304,
      "aac4aa1f": 0.042809789404143594,
      "cbe741f9": 0.07265542998442576,
      "dca070a7": 0.7483849281366941,
      "e27193f5": 1.801780716781941,
      "efe001aa": 0.014670499946066728,
      "fdbf9268": 0.7374008989521436
    },
    "excitation_threshold": 0.05,
    "max_defects": 12,
    "note": "Defect nodes selected by excitation level; C2_defects is the two-defect configuration space restricted to those nodes."
  },
  "framework_version": "0.2.0",
  "metrics": {
    "C2_defects": {
      "defect_node_ids": [
        "e27193f5",
        "79bafd9f",
        "8ffbbdc7",
        "2a73cb56",
        "05d58058",
        "1a8fa20e",
        "9bd4af4f",
        "7cead960",
        "484290f8",
        "4f32c56c",
        "4e99963e",
        "dca070a7"
      ],
      "effective_dimension": 1.7946791386477543,
      "n_defect_nodes": 12,
      "n_edges": 200,
      "n_nodes": 66,
      "short_cycle_count_max6": 2800
    },
    "C2_full": {
      "effective_dimension": 2.104180418966747,
      "n_edges": 1863,
      "n_nodes": 300,
      "short_cycle_count_max6": 388874
    },
    "base": {
      "effective_dimension": 1.481461172835477,
      "fundamental_group_probe": "complex (50 cycles) \u2192 may support anyons",
      "n_edges": 81,
      "n_nodes": 25
    }
  },
  "params": {
    "connectivity": 0.25,
    "dt": 0.1,
    "excitation_threshold": 0.05,
    "internal_dim": 2,
    "max_defects": 12,
    "n_evolution_steps": 50,
    "n_nodes": 25,
    "seed": 123
  },
  "run_id": "20251128_094817_defects_scan",
  "script": "substrate_C2_analysis.py",
  "timestamp": "2025-11-28T09:49:16.485144",
  "verdicts": {
    "C2_defects_dimension_hint": "2D-ish",
    "C2_full_dimension_hint": "2D-ish"
  }
}