{
  "edges": [
    [
      0,
      1
    ],
    [
      0,
      2
    ],
    [
      0,
      4
    ],
    [
      1,
      3
    ],
    [
      1,
      5
    ],
    [
      2,
      3
    ],
    [
      2,
      6
    ],
    [
      3,
      7
    ],
    [
      4,
      5
    ],
    [
      4,
      6
    ],
    [
      5,
      7
    ],
    [
      6,
      7
    ]
  ],
  "phases": [
    2.3784509647800594,
    -2.438153282144983,
    0.9201191771894566,
    -0.6991340803982582,
    -0.07141229225511525,
    -1.4414050125333702,
    1.1545167394303029,
    -0.7036139320688255,
    -1.9942712547389463,
    0.6199777087133032,
    2.126716127548347,
    -0.9909070893393142
  ]
}